000000,宝鸡中学,雨后校园,13de724654aa88a007e418f871a7edbb,
211101,绩笑,窗边,ad57061c5331004aa903a538e60ce6f6,
211102,绩笑,书堆,3e3c8cfccf6f1fbd5dca012da616f94a,
211103,绩笑,讲台,c10719e3cf6fb335b3be8bf91fb91da3,
211104,绩笑,课桌,84ebd03a1fa73c3cf8c545adf7a61003,
211105,绩笑,商店,c8030ebcf54a299ec68a0d7714c3079e,
211106,绩笑,云层,8c02d70150f0d44bd12c8dd78cfe8e0b,
211107,绩笑,蒲公英,06a9213ddf6c271efb5f362599c3a0a7,
211201,純粋な,校门,ffe43161091c3e086c0c757513938708,
211202,純粋な,楼顶,8e10d9dd4dfe9673813fd3380e45d174,
211203,純粋な,操场,79d1d64ad68cc39a4f4f658cc1c86dd4,
211204,純粋な,广场,655996e17525aec70a552349bbff0158,
211205,齐天,书桌,9f1f737065468006c5b38ab3b16684b7,
211206,云山,环道,d689b757ce6c36ead44ab44d7680f387,
211207,Echo,云海,16a660a4e4151664fabcd933830fc66b,
211208,Echo,楼顶,f0347b55687558faedf4fcef68bd198d,
211209,Echo,杨树林,183f64fe28824c645f25d31a65bfb9a3,
211210,Echo,操场,def64788d6b39f9317a1138df0f1e3b9,
211211,Echo,楼道,c637b572159025a80ac59ea89daddfa1,
211212,Echo,水杉,283b282532369cff4dc08cbab06728eb,
211213,凌球,雪松,8f63d50aaf96d9f6ad0ec95e8f85f4a5,
211214,北盼城南烟花繁,日落,90c10f637fe3b7300f34fe093e625cd7,
211215,北盼城南烟花繁,楼道,50a6aac0b92c42889c502c450089c5d4,
211216,北盼城南烟花繁,兼程,0f0c9d868e6c1fd2a421daaab42d40c3,
211217,小佗,紫叶李,3dd9e1d14e00d30be6788c3c7e791825,
211218,小佗,银杏,d3e1e44a52d431c3db18956ac0e9bb5a,
211219,小佗,复羽叶栾树,9c3bf1777cbae93cd8fd2ea4be6c0882,
211220,小佗,云海,e0b08330ddb922b237d5abfeac533d8a,
211221,小佗,合欢花,62883665ddfa464d974a26e71f14a785,
211222,小佗,梅,837ea0c0bcf79ff942eb7a5207371b6a,
211223,小佗,合欢,f7aa6954c006e7aec0f27f165860a08c,
211224,小佗,紫叶李,493d51e87092698ede2d60e7b163c054,
211225,小佗,操场,b211467545e5f09e693849584c052a98,
211226,小佗,幕墙与树,96b4ecbb376b43e757f4cba5e9014e97,
211227,小佗,篮球架,d7b20ec4149b9a021382969fabae8a2e,
211228,小佗,永远热爱,d90dff621e86a8823fad14e10a0e19cd,
211229,姚小瑶,云,73ef8cf22f34cb1cce637858ebe6f823,
211230,姚小瑶,运动会,0dbb9156e678aa0ff5d69bec04918279,
211231,暮草兮,龙棕,17164c2b8293ea432c67f62f965ff5eb,
211232,Stars,操场,d48b74b952603771a200c84ef987bceb,
211233,Stars,广场,8e2bab626390aa6c028c8c11c1ba4ed1,
211234,Stars,操场的云,f4bc39ce9dabf094144ede0f9aa6a14e,
211235,Stars,云与合欢,c7c7a922db451d29d7c59594772ae1de,
211236,靖靖子,夕晖,2b7dd636bc86d45d59b3315312d41231,
211237,靖靖子,不落,9efaae46b92844286176d5c59564b84b,
211238,靖靖子,夕云,627489cebe36f3d4deb35e81be6de23e,
211239,靖靖子,运动会,0a30aa1d60450824ebbcda1e0ec07987,
211240,靖靖子,金叶女贞,43587a6d8b599ad74faf07a7e6db0bac,
211241,靖靖子,教室后,3723ab6fa16c6fcfb77a44750cce82ec,
211242,靖靖子,对面宿舍,f98487cf34fd3f2c46955d7d96d52792,
211243,靖靖子,书架,9c5595051c1efa899d4cb631c98fbd3c,
211244,靖靖子,楼外楼,60f04203cd77c2edd3d0649b0730b7c3,
211245,靖靖子,讲桌下,7edd089e817c0e0760fa31022a119827,
211246,靖靖子,谁的课桌,b92d78904365196b62671f6ae18c783d,
211247,靖靖子,午间,5e4ca1325b1131b9033692d54b560b64,
211248,靖靖子,货架,840afd0bef2f8e7db8902f682a01c3bf,
211249,靖靖子,这又是谁的课桌,133043b71104bcfd3857fb7a1c37f934,
211250,秤砣,墙上,cd6c6646c287c61186a8dc8e9a37c122,
211251,秤砣,捉光,e784b18a14ee01a346cbe5b3dcb9d2fa,
211252,秤砣,楼间松,0accbbd75a7e388c49570c8b7942b60f,
211253,秤砣,栾树外,cc64de25816d74e1c331aa742c908ae6,
211254,秤砣,枫香树下,8978baa3db6e135df052ce27cd275119,
211255,秤砣,鳞状云,b488e5316d3f9d618238513b87eba901,
211256,秤砣,第二场雪,ea1b46a7492764684940a21c0a330cfa,
211257,秤砣,外立面,58f5c3cbbe3b9a8f3c30ee187c8d86bc,
211258,秤砣,放飞气球,3f364038682a6e14fa979cec7ab1f537,
211259,秤砣,气球外的梦,6a6817decfb67e533f6233973391de4f,
211260,秤砣,远方的灯,8b3e96da5f9815accda9d45a7b1ad934,
211261,秤砣,晴,eb33091a563ffcc451f2a7e0110b91a5,
211262,秤砣,月,984018fb175143bbfaf789cf0482c382,
211263,北盼城南烟花繁,看操场,e7cdfcb8c3d6e9a5e40500cfd06dfb07,
211264,北盼城南烟花繁,球场,4e13762feb990cd70f7c85202f79c602,
211265,东隅,日出,42e670813470264ab26564603cb339b4,
211266,东隅,对面,892e21899186de12922f1c3637eba077,
211267,东隅,操场与日落,02d88527ad0c8c52bc1783c913b3f40b,
211268,SuperR1SE,一框,af5aff6617de43af5e02427a7e47b917,
211269,SuperR1SE,背后,128c64fa0b384652dcc1927ffc177349,
211270,SuperR1SE,日,5e0180e07eefbe0111f6190047f13f66,
220101,亦,于云出,b541338cf74529c25c2bdc49bc60a0e7,
220102,亦,楼与楼,3779bba383ac9bac48edb3b5f985ec7c,
220103,亦,看台上,c3466dba45a7cd5d994239864c3337fa,
220104,亦,球场的黄昏,a77709bdf5e66108d01df9d2e0ec574c,
220105,亦,旗杆与云海,e9c907be322c6ccb1fb12a758c077118,
220106,亦,操场,a9905c6f35a0ce234c445047ba6831ac,
220107,亦,绚,028e6b27082a3f639cd76cf2412c3870,
220108,亦,霞,8399df720705576b96b3fa5614b20a0f,
220109,亦,天空之下是热爱,3fb8a659e3f007028ed6a883feb2c826,
220110,亦,射者中,880c7bab6ff2758e613026061057b66d,
220111,亦,胶囊仓降落台,5281c3afcfc0ed009ad30e0ce904e2b1,
220112,泡泡,捉云,5f86951f06b25fe14bf64eacfd9b98d7,
220113,泡泡,云上冲浪,f0f626c3c35de4fbfce1e559239f05be,
220114,泡泡,日落于东,da54edf43f49d0787be388214595f0d9,
220115,泡泡,饱和度战士,726df029cc3363b74b4ebf6735e3a7a1,
220116,吴鸭鸭,艺术节的夜,f8a8b60d377a67ccc84a4b7fdeddbd2d,
220117,吴鸭鸭,落日与晚风,44843696ffc75688134a689b2fe8208d,
220118,吴鸭鸭,校庆人海,288b4ac91a4c8ba1ccc44844e2b444c7,
220119,吴鸭鸭,校庆幕后,39005bc4839eef48712d66869bb00774,
220120,SuperR1SE,广场,970e5ad16c4d9bd5610146813a572ef3,
220121,SuperR1SE,球场,092ea5b17974b750e3497af6a9a4dc5e,
220122,纸某鹿,火烧云,be34c217f3de6044e147b427b783abf0,
220123,纸某鹿,云的形状,c2f6bb262cff512e92be10c108742402,
220124,纸某鹿,持不稳的黄昏,fdafcbc4e761fe99ff7c9b52846541f7,
220125,木鱼,欢庆之夜,139b8a1732ac6526a000d0caac8e8aa9,
220126,木鱼,虹,cab48045c6647b148cd4d31b133f3fac,
220126,派小星,光帆,6229b32441f52a1c2fa31692445ea38e,
220127,派小星,摘,f5101db570b55c608ddbc6886d3c4314,
220128,派小星,觅,307ee9ef24ba54c37cf3aa1f8723cc85,
220129,派小星,镜中云,25825885a34e1e8a8013af29d802f75a,
220130,派小星,叶影,d0e876848c5248acef4c4ed5bb392e72,
220131,派小星,镶,c41835897aa2c5b889fd71a48865241b,
220132,派小星,遇,54d876ebcefabe50d6a5c9bc2e84c1bc,
220133,派小星,路迹,a775bb14081eb18ec6d43d3f713bf0af,
220134,派小星,映,085df26eb2ff746ef319c58455843094,
220135,派小星,雨过,f20ad44ae3645769022f9fccfdb0bc1a,
220136,派小星,覆云,db27e31ffa786a146543d5522d409080,
220137,派小星,楼,6d97257b6ed0a26258caf5a7ed1d5312,
220138,古怪,某人的杯子,456d06fe305d097aa6bd7eb92e276b3f,
220139,古怪,桌上的笔袋,904af76c65a5e4d0aedb3f9d06d2eac7,
220140,古怪,讲台前的杯子,1c7404d684a7979b83f0fe0f4ad2c0d7,
220141,古怪,打球的少年们,e9a9928505af607ae7b185900fc1d1b3,
220142,古怪,阳光直射的地方,4ddb7ce9a0b1288c611e52bcf3393f57,
220143,古怪,空虚的走廊,5a074b032a37e19f67568bc7e41a3aaa,
220144,古怪,神奇的房间,dead3e87a24eadd8a4375abf8ac24283,
220145,古怪,死里卷,aaf4f4d7220df8ba6457f8d5c82ff596,
220146,古怪,古怪的笔袋,fe786bb350372655d645440fa4f452b0,
220147,古怪,午间的书桌,4a3d6a1e3000bacdf41e38e5a580d7c5,
220148,古怪,凌乱的课桌,3993ff736ab65a13b3cdc2c674157242,
220149,古怪,我不知道起什么名字了,cf51c2d7cf72af9d4e72fa3d98f9d122,
220150,古怪,剩余的143天,44f09a300b73b0d2904585cd40a8d10c,
220151,古怪,那边的兼程楼,5c3bf663ed0f71baae0604a53c840c9e,
220152,古怪,周六的街道,91c7810b339b290af2123f22ec4f2368,
220201,一棵果树,云树,39b2fb245adcf0cff2b1de129c4d9196,
220202,一棵果树,团,2443acff0babdf0017ae2fdbc081d9f9,
220203,一棵果树,驾一叶,2151d46cd1a43c77e0119365aab4262f,
220204,一棵果树,艺术,ce41f36c5da85542914810fb17e5691e,
220205,一棵果树,漾,4203f4a59f30093f804a0c5351d6212a,
220206,一棵果树,霞,fdc46b6cd8b9c80e95016585bb6d0465,
